{"Alabama": {"r2": 0.6025790814649009, "coefs": {"Less than 9th grade": -1.2224769734619045, "9th to 12th grade": -0.7231611502791387, "High school": 0.2661486880288857, "Some college": -0.5122536211717351, "Associate's degree": -0.7438002129903222, "Bachelor's degree": 2.216980820591807, "Graduate degree": 0.8861877304503182}, "intercept": [56.40375466814428]}, "Alaska": {"r2": -430.1757916520658, "coefs": {"Less than 9th grade": 3.721103706433004, "9th to 12th grade": -0.9856008582980536, "High school": 3.5644459953236334, "Some college": 5.848657285031777, "Associate's degree": 2.4289427222886104, "Bachelor's degree": 5.991596104955081, "Graduate degree": 6.1079101066398644}, "intercept": [85.98146477293884]}, "Arizona": {"r2": -0.3755940313258286, "coefs": {"Less than 9th grade": 774816711923596.9, "9th to 12th grade": 534231646441107.5, "High school": 465730449332977.06, "Some college": 365328549018683.25, "Associate's degree": 361034421722396.9, "Bachelor's degree": 948476195655729.0, "Graduate degree": 731192272452520.4}, "intercept": [55.99466270560731]}, "Arkansas": {"r2": 0.680012896499457, "coefs": {"Less than 9th grade": 0.09502028536885024, "9th to 12th grade": -2.242703590052634, "High school": -0.5782958028521579, "Some college": -1.0815979986290398, "Associate's degree": -1.6314792248181464, "Bachelor's degree": 1.196311393828718, "Graduate degree": 3.4354913348179603}, "intercept": [57.607807143938416]}, "California": {"r2": 0.9607216915799384, "coefs": {"Less than 9th grade": 3.8546584019978436, "9th to 12th grade": -0.7665551248587352, "High school": -0.7872525852915171, "Some college": -8.101417166322236, "Associate's degree": 1.1711361605007578, "Bachelor's degree": -0.24060003738642655, "Graduate degree": 3.4609714600381287}, "intercept": [78.7024491412081]}, "Colorado": {"r2": 0.9258447106934969, "coefs": {"Less than 9th grade": -2.530244623236235, "9th to 12th grade": -2.887435632275824, "High school": -0.19638411176513063, "Some college": -1.1070818296004896, "Associate's degree": -4.249198691476791, "Bachelor's degree": -7.099631560152612, "Graduate degree": 12.402224551169631}, "intercept": [74.28012509860534]}, "Connecticut": {"r2": 0.37027367061970196, "coefs": {"Less than 9th grade": 292769004920327.44, "9th to 12th grade": 550919688167894.7, "High school": 456611371219346.8, "Some college": 452842721156849.44, "Associate's degree": 144664676771639.5, "Bachelor's degree": 745887875255338.4, "Graduate degree": 848987682306917.6}, "intercept": [99.39839699433351]}, "Delaware": {"r2": -148.1431195908636, "coefs": {"Less than 9th grade": 7.104165874271615, "9th to 12th grade": 2.3777497678772814, "High school": 8.914440438907306, "Some college": 5.212325654902622, "Associate's degree": 12.513654388176233, "Bachelor's degree": 6.883908162740587, "Graduate degree": 0.18538006041779542}, "intercept": [68.04659359077334]}, "Florida": {"r2": 0.7710467795228977, "coefs": {"Less than 9th grade": 1.0564938272406112, "9th to 12th grade": -0.6783595801241036, "High school": 3.5756999351156216, "Some college": -7.414711980210777, "Associate's degree": -0.730086245081255, "Bachelor's degree": 2.015915693159372, "Graduate degree": 1.201436890448169}, "intercept": [62.63406718135229]}, "Georgia": {"r2": 0.9624436513280402, "coefs": {"Less than 9th grade": -2.639701949049217, "9th to 12th grade": -1.1263331683500644, "High school": -0.20099478638318272, "Some college": 0.441041353356599, "Associate's degree": 0.11693255591655762, "Bachelor's degree": 3.5676605752604647, "Graduate degree": -0.5971508331005302}, "intercept": [62.01360961604136]}, "Hawaii": {"r2": 0.8822386586155666, "coefs": {"Less than 9th grade": 0.2157351309293909, "9th to 12th grade": -1.9050568719698535, "High school": -1.4903638608135077, "Some college": -0.4980923742747711, "Associate's degree": -1.4387623248552008, "Bachelor's degree": 1.827890371362199, "Graduate degree": 1.7508162384755648}, "intercept": [69.09584310215888]}, "Idaho": {"r2": 0.8844080158196082, "coefs": {"Less than 9th grade": 0.5962560268354866, "9th to 12th grade": -1.0845166495461838, "High school": 0.1153697095438989, "Some college": -2.295286157855432, "Associate's degree": 6.808652931501692, "Bachelor's degree": -1.2892481792550696, "Graduate degree": -1.673832517868262}, "intercept": [59.48459876002103]}, "Illinois": {"r2": 0.5436116415735092, "coefs": {"Less than 9th grade": 5.5489127081246545, "9th to 12th grade": -5.142619753338816, "High school": -2.6951994678160256, "Some college": -2.2265043270794287, "Associate's degree": 0.8682558327836382, "Bachelor's degree": 1.298171816480347, "Graduate degree": 1.002698364000735}, "intercept": [74.15458589607447]}, "Indiana": {"r2": 0.9605444713188422, "coefs": {"Less than 9th grade": -1.6391069748585552, "9th to 12th grade": -1.3477710720444194, "High school": -1.6603456492338433, "Some college": -0.6695564199103298, "Associate's degree": 2.6672479336438193, "Bachelor's degree": 6.602631454096193, "Graduate degree": -7.729874949045665}, "intercept": [62.89329947574946]}, "Iowa": {"r2": -1.9848316657031226, "coefs": {"Less than 9th grade": 1.7727001045424853, "9th to 12th grade": -1.8810122544275594, "High school": 1.013522501685364, "Some college": -9.782406532662502, "Associate's degree": 0.7784886734742008, "Bachelor's degree": -5.877773041101029, "Graduate degree": 0.5244008177250024}, "intercept": [67.03375949158453]}, "Kansas": {"r2": 0.8909844003593913, "coefs": {"Less than 9th grade": -1.5307984057971473, "9th to 12th grade": -1.6097579031901472, "High school": -2.3366737778147666, "Some college": 2.1490881733570224, "Associate's degree": 2.0024349002925335, "Bachelor's degree": 1.6653390143443414, "Graduate degree": -0.9761877909393921}, "intercept": [71.7393437700662]}, "Kentucky": {"r2": 0.9130866770141183, "coefs": {"Less than 9th grade": -29553695239267.13, "9th to 12th grade": -28528167431942.844, "High school": -20407662494323.48, "Some college": -10459480287225.037, "Associate's degree": -22301144132640.953, "Bachelor's degree": -28200213382616.406, "Graduate degree": -21733016328087.207}, "intercept": [56.25284078912605]}, "Louisiana": {"r2": -1.5241786544698406, "coefs": {"Less than 9th grade": -241951565835323.44, "9th to 12th grade": -212959349525594.94, "High school": -115457080666393.12, "Some college": -102373619173896.62, "Associate's degree": -179737959318098.62, "Bachelor's degree": -203264343438620.16, "Graduate degree": -208370456376948.06}, "intercept": [61.350636566538704]}, "Maine": {"r2": 0.6901501221971529, "coefs": {"Less than 9th grade": -5.261516234847017, "9th to 12th grade": 3.580544196131959, "High school": -2.748486660112, "Some college": 1.874244149735483, "Associate's degree": -1.5841633719004473, "Bachelor's degree": 0.31548425867412805, "Graduate degree": 2.9588533040750975}, "intercept": [59.49019591251619]}, "Maryland": {"r2": -0.6608218982332534, "coefs": {"Less than 9th grade": 2.155401452670123, "9th to 12th grade": 2.4371939750085923, "High school": -5.8982216853460825, "Some college": -1.1101357001997336, "Associate's degree": 2.9734793166536297, "Bachelor's degree": -4.611037127205681, "Graduate degree": 5.0342171396562}, "intercept": [81.2319808315295]}, "Massachusetts": {"r2": 0.968842973678529, "coefs": {"Less than 9th grade": -1.7236622937573998, "9th to 12th grade": -2.541235791432969, "High school": -1.7100724838790142, "Some college": -0.3347684668854464, "Associate's degree": -0.8262451089501208, "Bachelor's degree": 2.4221249682140136, "Graduate degree": 1.1348138871061022}, "intercept": [88.0612117474869]}, "Michigan": {"r2": 0.8103441872400117, "coefs": {"Less than 9th grade": -0.28626578375828454, "9th to 12th grade": -7.15567122656887, "High school": 2.689012824551112, "Some college": 1.3090647758989782, "Associate's degree": -0.12790523875990367, "Bachelor's degree": 4.478352801414602, "Graduate degree": -1.6987317252677905}, "intercept": [61.77758104843401]},